topology,protocol,n_stas,n_mesh,pdr_percent,delay_ms,jitter_ms,throughput_kbps,avg_hops,packet_loss_percent
grid_25,AODV,5,25,87.0,103.6,8.2,17.8,1.2,13.0
grid_25,OLSR,5,25,61.0,126.4,12.5,12.4,1.1,39.0
random_50,AODV,5,50,41.0,245.8,18.9,3.2,2.3,59.0
random_50,OLSR,5,50,85.0,156.2,10.1,8.5,1.8,15.0
random_75,AODV,5,75,48.0,267.5,22.1,3.8,2.6,52.0
random_75,OLSR,5,75,88.0,142.3,9.2,8.8,1.6,12.0
random_100,AODV,5,100,52.0,289.3,24.8,4.2,2.8,48.0
random_100,OLSR,5,100,90.0,135.7,8.5,9.0,1.5,10.0
random_150,AODV,5,150,56.0,310.5,26.5,4.5,3.0,44.0
random_150,OLSR,5,150,91.0,132.1,8.1,9.1,1.4,9.0
random_200,AODV,5,200,58.0,328.9,28.2,4.7,3.1,42.0
random_200,OLSR,5,200,92.0,130.3,7.8,9.2,1.4,8.0
random_300,AODV,5,300,61.0,355.2,30.8,4.9,3.3,39.0
random_300,OLSR,5,300,93.0,128.5,7.5,9.3,1.3,7.0
random_500,AODV,5,500,63.0,378.6,33.1,5.0,3.4,37.0
random_500,OLSR,5,500,94.0,127.1,7.3,9.4,1.3,6.0
random_750,AODV,5,750,65.0,398.1,35.2,5.1,3.5,35.0
random_750,OLSR,5,750,94.5,126.4,7.1,9.45,1.2,5.5
random_1000,AODV,5,1000,66.0,415.3,37.1,5.2,3.6,34.0
random_1000,OLSR,5,1000,95.0,125.8,7.0,9.5,1.2,5.0
